模型,MSE,RMSE,MAE,R²
lstm,1.5358363389968872,1.239288642325462,1.0981768369674683,0.9866026043891907
